{
  "hash": "6657b7a5",
  "configHash": "450801ad",
  "lockfileHash": "6d3e2220",
  "browserHash": "39868bcb",
  "optimized": {
    "@angular/common": {
      "src": "../../../../../../node_modules/@angular/common/fesm2022/common.mjs",
      "file": "@angular_common.js",
      "fileHash": "aa848b61",
      "needsInterop": false
    },
    "@angular/common/http": {
      "src": "../../../../../../node_modules/@angular/common/fesm2022/http.mjs",
      "file": "@angular_common_http.js",
      "fileHash": "864f40ec",
      "needsInterop": false
    },
    "@angular/core": {
      "src": "../../../../../../node_modules/@angular/core/fesm2022/core.mjs",
      "file": "@angular_core.js",
      "fileHash": "2373fb4a",
      "needsInterop": false
    },
    "@angular/forms": {
      "src": "../../../../../../node_modules/@angular/forms/fesm2022/forms.mjs",
      "file": "@angular_forms.js",
      "fileHash": "ba76a6cb",
      "needsInterop": false
    },
    "@angular/platform-browser": {
      "src": "../../../../../../node_modules/@angular/platform-browser/fesm2022/platform-browser.mjs",
      "file": "@angular_platform-browser.js",
      "fileHash": "53eace3d",
      "needsInterop": false
    },
    "@angular/router": {
      "src": "../../../../../../node_modules/@angular/router/fesm2022/router.mjs",
      "file": "@angular_router.js",
      "fileHash": "46e72a5c",
      "needsInterop": false
    },
    "@primeng/themes/aura": {
      "src": "../../../../../../node_modules/@primeng/themes/aura/index.mjs",
      "file": "@primeng_themes_aura.js",
      "fileHash": "7c3c96b8",
      "needsInterop": false
    },
    "primeng/accordion": {
      "src": "../../../../../../node_modules/primeng/fesm2022/primeng-accordion.mjs",
      "file": "primeng_accordion.js",
      "fileHash": "df501911",
      "needsInterop": false
    },
    "primeng/api": {
      "src": "../../../../../../node_modules/primeng/fesm2022/primeng-api.mjs",
      "file": "primeng_api.js",
      "fileHash": "6659b1ad",
      "needsInterop": false
    },
    "primeng/autocomplete": {
      "src": "../../../../../../node_modules/primeng/fesm2022/primeng-autocomplete.mjs",
      "file": "primeng_autocomplete.js",
      "fileHash": "c3f83fa9",
      "needsInterop": false
    },
    "primeng/avatar": {
      "src": "../../../../../../node_modules/primeng/fesm2022/primeng-avatar.mjs",
      "file": "primeng_avatar.js",
      "fileHash": "d0a2e130",
      "needsInterop": false
    },
    "primeng/badge": {
      "src": "../../../../../../node_modules/primeng/fesm2022/primeng-badge.mjs",
      "file": "primeng_badge.js",
      "fileHash": "1dcf7603",
      "needsInterop": false
    },
    "primeng/breadcrumb": {
      "src": "../../../../../../node_modules/primeng/fesm2022/primeng-breadcrumb.mjs",
      "file": "primeng_breadcrumb.js",
      "fileHash": "f2ef95b2",
      "needsInterop": false
    },
    "primeng/button": {
      "src": "../../../../../../node_modules/primeng/fesm2022/primeng-button.mjs",
      "file": "primeng_button.js",
      "fileHash": "5cfb4aee",
      "needsInterop": false
    },
    "primeng/calendar": {
      "src": "../../../../../../node_modules/primeng/fesm2022/primeng-calendar.mjs",
      "file": "primeng_calendar.js",
      "fileHash": "8d04cf7c",
      "needsInterop": false
    },
    "primeng/card": {
      "src": "../../../../../../node_modules/primeng/fesm2022/primeng-card.mjs",
      "file": "primeng_card.js",
      "fileHash": "6a727555",
      "needsInterop": false
    },
    "primeng/carousel": {
      "src": "../../../../../../node_modules/primeng/fesm2022/primeng-carousel.mjs",
      "file": "primeng_carousel.js",
      "fileHash": "467ab818",
      "needsInterop": false
    },
    "primeng/checkbox": {
      "src": "../../../../../../node_modules/primeng/fesm2022/primeng-checkbox.mjs",
      "file": "primeng_checkbox.js",
      "fileHash": "0b7bae11",
      "needsInterop": false
    },
    "primeng/chip": {
      "src": "../../../../../../node_modules/primeng/fesm2022/primeng-chip.mjs",
      "file": "primeng_chip.js",
      "fileHash": "b4c76e5c",
      "needsInterop": false
    },
    "primeng/colorpicker": {
      "src": "../../../../../../node_modules/primeng/fesm2022/primeng-colorpicker.mjs",
      "file": "primeng_colorpicker.js",
      "fileHash": "078c6b48",
      "needsInterop": false
    },
    "primeng/config": {
      "src": "../../../../../../node_modules/primeng/fesm2022/primeng-config.mjs",
      "file": "primeng_config.js",
      "fileHash": "944d4b32",
      "needsInterop": false
    },
    "primeng/confirmdialog": {
      "src": "../../../../../../node_modules/primeng/fesm2022/primeng-confirmdialog.mjs",
      "file": "primeng_confirmdialog.js",
      "fileHash": "3d8e7330",
      "needsInterop": false
    },
    "primeng/contextmenu": {
      "src": "../../../../../../node_modules/primeng/fesm2022/primeng-contextmenu.mjs",
      "file": "primeng_contextmenu.js",
      "fileHash": "864f8007",
      "needsInterop": false
    },
    "primeng/dataview": {
      "src": "../../../../../../node_modules/primeng/fesm2022/primeng-dataview.mjs",
      "file": "primeng_dataview.js",
      "fileHash": "eb8d9a7c",
      "needsInterop": false
    },
    "primeng/dialog": {
      "src": "../../../../../../node_modules/primeng/fesm2022/primeng-dialog.mjs",
      "file": "primeng_dialog.js",
      "fileHash": "ce071e93",
      "needsInterop": false
    },
    "primeng/divider": {
      "src": "../../../../../../node_modules/primeng/fesm2022/primeng-divider.mjs",
      "file": "primeng_divider.js",
      "fileHash": "c742e829",
      "needsInterop": false
    },
    "primeng/dropdown": {
      "src": "../../../../../../node_modules/primeng/fesm2022/primeng-dropdown.mjs",
      "file": "primeng_dropdown.js",
      "fileHash": "c3f2ece1",
      "needsInterop": false
    },
    "primeng/dynamicdialog": {
      "src": "../../../../../../node_modules/primeng/fesm2022/primeng-dynamicdialog.mjs",
      "file": "primeng_dynamicdialog.js",
      "fileHash": "54abc908",
      "needsInterop": false
    },
    "primeng/fileupload": {
      "src": "../../../../../../node_modules/primeng/fesm2022/primeng-fileupload.mjs",
      "file": "primeng_fileupload.js",
      "fileHash": "6c443b44",
      "needsInterop": false
    },
    "primeng/image": {
      "src": "../../../../../../node_modules/primeng/fesm2022/primeng-image.mjs",
      "file": "primeng_image.js",
      "fileHash": "9ec33a5e",
      "needsInterop": false
    },
    "primeng/inputnumber": {
      "src": "../../../../../../node_modules/primeng/fesm2022/primeng-inputnumber.mjs",
      "file": "primeng_inputnumber.js",
      "fileHash": "d133bdbe",
      "needsInterop": false
    },
    "primeng/inputswitch": {
      "src": "../../../../../../node_modules/primeng/fesm2022/primeng-inputswitch.mjs",
      "file": "primeng_inputswitch.js",
      "fileHash": "b3c218a9",
      "needsInterop": false
    },
    "primeng/inputtext": {
      "src": "../../../../../../node_modules/primeng/fesm2022/primeng-inputtext.mjs",
      "file": "primeng_inputtext.js",
      "fileHash": "a3682b0c",
      "needsInterop": false
    },
    "primeng/listbox": {
      "src": "../../../../../../node_modules/primeng/fesm2022/primeng-listbox.mjs",
      "file": "primeng_listbox.js",
      "fileHash": "572403f4",
      "needsInterop": false
    },
    "primeng/menu": {
      "src": "../../../../../../node_modules/primeng/fesm2022/primeng-menu.mjs",
      "file": "primeng_menu.js",
      "fileHash": "1acedce4",
      "needsInterop": false
    },
    "primeng/menubar": {
      "src": "../../../../../../node_modules/primeng/fesm2022/primeng-menubar.mjs",
      "file": "primeng_menubar.js",
      "fileHash": "a6d693cd",
      "needsInterop": false
    },
    "primeng/message": {
      "src": "../../../../../../node_modules/primeng/fesm2022/primeng-message.mjs",
      "file": "primeng_message.js",
      "fileHash": "f3543657",
      "needsInterop": false
    },
    "primeng/messages": {
      "src": "../../../../../../node_modules/primeng/fesm2022/primeng-messages.mjs",
      "file": "primeng_messages.js",
      "fileHash": "3fdcfa3f",
      "needsInterop": false
    },
    "primeng/multiselect": {
      "src": "../../../../../../node_modules/primeng/fesm2022/primeng-multiselect.mjs",
      "file": "primeng_multiselect.js",
      "fileHash": "3facfca5",
      "needsInterop": false
    },
    "primeng/overlaypanel": {
      "src": "../../../../../../node_modules/primeng/fesm2022/primeng-overlaypanel.mjs",
      "file": "primeng_overlaypanel.js",
      "fileHash": "ada9f5fe",
      "needsInterop": false
    },
    "primeng/paginator": {
      "src": "../../../../../../node_modules/primeng/fesm2022/primeng-paginator.mjs",
      "file": "primeng_paginator.js",
      "fileHash": "7c0d5a82",
      "needsInterop": false
    },
    "primeng/panel": {
      "src": "../../../../../../node_modules/primeng/fesm2022/primeng-panel.mjs",
      "file": "primeng_panel.js",
      "fileHash": "e28f7cbd",
      "needsInterop": false
    },
    "primeng/panelmenu": {
      "src": "../../../../../../node_modules/primeng/fesm2022/primeng-panelmenu.mjs",
      "file": "primeng_panelmenu.js",
      "fileHash": "f35d0bb5",
      "needsInterop": false
    },
    "primeng/password": {
      "src": "../../../../../../node_modules/primeng/fesm2022/primeng-password.mjs",
      "file": "primeng_password.js",
      "fileHash": "a7a3863c",
      "needsInterop": false
    },
    "primeng/radiobutton": {
      "src": "../../../../../../node_modules/primeng/fesm2022/primeng-radiobutton.mjs",
      "file": "primeng_radiobutton.js",
      "fileHash": "14b39ca6",
      "needsInterop": false
    },
    "primeng/rating": {
      "src": "../../../../../../node_modules/primeng/fesm2022/primeng-rating.mjs",
      "file": "primeng_rating.js",
      "fileHash": "538d6b78",
      "needsInterop": false
    },
    "primeng/selectbutton": {
      "src": "../../../../../../node_modules/primeng/fesm2022/primeng-selectbutton.mjs",
      "file": "primeng_selectbutton.js",
      "fileHash": "e1ea1f49",
      "needsInterop": false
    },
    "primeng/sidebar": {
      "src": "../../../../../../node_modules/primeng/fesm2022/primeng-sidebar.mjs",
      "file": "primeng_sidebar.js",
      "fileHash": "1cb657ed",
      "needsInterop": false
    },
    "primeng/skeleton": {
      "src": "../../../../../../node_modules/primeng/fesm2022/primeng-skeleton.mjs",
      "file": "primeng_skeleton.js",
      "fileHash": "40d431fc",
      "needsInterop": false
    },
    "primeng/speeddial": {
      "src": "../../../../../../node_modules/primeng/fesm2022/primeng-speeddial.mjs",
      "file": "primeng_speeddial.js",
      "fileHash": "b70c7da7",
      "needsInterop": false
    },
    "primeng/splitbutton": {
      "src": "../../../../../../node_modules/primeng/fesm2022/primeng-splitbutton.mjs",
      "file": "primeng_splitbutton.js",
      "fileHash": "c9403ef5",
      "needsInterop": false
    },
    "primeng/steps": {
      "src": "../../../../../../node_modules/primeng/fesm2022/primeng-steps.mjs",
      "file": "primeng_steps.js",
      "fileHash": "610bd670",
      "needsInterop": false
    },
    "primeng/table": {
      "src": "../../../../../../node_modules/primeng/fesm2022/primeng-table.mjs",
      "file": "primeng_table.js",
      "fileHash": "7d3ef2b1",
      "needsInterop": false
    },
    "primeng/tabmenu": {
      "src": "../../../../../../node_modules/primeng/fesm2022/primeng-tabmenu.mjs",
      "file": "primeng_tabmenu.js",
      "fileHash": "1d196274",
      "needsInterop": false
    },
    "primeng/tabview": {
      "src": "../../../../../../node_modules/primeng/fesm2022/primeng-tabview.mjs",
      "file": "primeng_tabview.js",
      "fileHash": "9b143607",
      "needsInterop": false
    },
    "primeng/timeline": {
      "src": "../../../../../../node_modules/primeng/fesm2022/primeng-timeline.mjs",
      "file": "primeng_timeline.js",
      "fileHash": "85e14e0e",
      "needsInterop": false
    },
    "primeng/toast": {
      "src": "../../../../../../node_modules/primeng/fesm2022/primeng-toast.mjs",
      "file": "primeng_toast.js",
      "fileHash": "7d3a2cfe",
      "needsInterop": false
    },
    "primeng/toolbar": {
      "src": "../../../../../../node_modules/primeng/fesm2022/primeng-toolbar.mjs",
      "file": "primeng_toolbar.js",
      "fileHash": "5756216f",
      "needsInterop": false
    },
    "primeng/tree": {
      "src": "../../../../../../node_modules/primeng/fesm2022/primeng-tree.mjs",
      "file": "primeng_tree.js",
      "fileHash": "9edc66b6",
      "needsInterop": false
    }
  },
  "chunks": {
    "chunk-R33BMEXH": {
      "file": "chunk-R33BMEXH.js"
    },
    "chunk-TCIO2MFW": {
      "file": "chunk-TCIO2MFW.js"
    },
    "chunk-34IHGTI4": {
      "file": "chunk-34IHGTI4.js"
    },
    "chunk-4XS2UCVA": {
      "file": "chunk-4XS2UCVA.js"
    },
    "chunk-HC5ZY5YS": {
      "file": "chunk-HC5ZY5YS.js"
    },
    "chunk-F62OGWJW": {
      "file": "chunk-F62OGWJW.js"
    },
    "chunk-WTVNNTYW": {
      "file": "chunk-WTVNNTYW.js"
    },
    "chunk-A2J6GUVK": {
      "file": "chunk-A2J6GUVK.js"
    },
    "chunk-GA2GTX5K": {
      "file": "chunk-GA2GTX5K.js"
    },
    "chunk-NLDY2K4C": {
      "file": "chunk-NLDY2K4C.js"
    },
    "chunk-U7D4JXQ4": {
      "file": "chunk-U7D4JXQ4.js"
    },
    "chunk-WMV7PH3T": {
      "file": "chunk-WMV7PH3T.js"
    },
    "chunk-SJMWJFBB": {
      "file": "chunk-SJMWJFBB.js"
    },
    "chunk-SXNHILPH": {
      "file": "chunk-SXNHILPH.js"
    },
    "chunk-JTEEHJDZ": {
      "file": "chunk-JTEEHJDZ.js"
    },
    "chunk-J5UAURQH": {
      "file": "chunk-J5UAURQH.js"
    },
    "chunk-SCBWMRBH": {
      "file": "chunk-SCBWMRBH.js"
    },
    "chunk-5G7WYC4N": {
      "file": "chunk-5G7WYC4N.js"
    },
    "chunk-7QF34FBU": {
      "file": "chunk-7QF34FBU.js"
    },
    "chunk-QL6RQX4C": {
      "file": "chunk-QL6RQX4C.js"
    },
    "chunk-SJSUR4YF": {
      "file": "chunk-SJSUR4YF.js"
    },
    "chunk-SKRJJFZ3": {
      "file": "chunk-SKRJJFZ3.js"
    },
    "chunk-XGGRNLSP": {
      "file": "chunk-XGGRNLSP.js"
    },
    "chunk-2ZXM7VXU": {
      "file": "chunk-2ZXM7VXU.js"
    },
    "chunk-DJGQ4GW6": {
      "file": "chunk-DJGQ4GW6.js"
    },
    "chunk-W67TBKJO": {
      "file": "chunk-W67TBKJO.js"
    },
    "chunk-PMU6GHS4": {
      "file": "chunk-PMU6GHS4.js"
    },
    "chunk-WERJMNXE": {
      "file": "chunk-WERJMNXE.js"
    },
    "chunk-G6JPFBYE": {
      "file": "chunk-G6JPFBYE.js"
    },
    "chunk-64LZZIVC": {
      "file": "chunk-64LZZIVC.js"
    },
    "chunk-QMRUVJU3": {
      "file": "chunk-QMRUVJU3.js"
    },
    "chunk-WDMUDEB6": {
      "file": "chunk-WDMUDEB6.js"
    }
  }
}